feature,bucket,bucket_label,n,feature_min,feature_max,feature_median,avg_gold_return_next_1m,avg_gold_return_next_3m,median_gold_return_next_3m,avg_gold_max_drawdown_next_3m,good_entry_rate_3m,bad_entry_rate_3m
gold_futures_return_1m,1,lowest,1131,-0.208081,-0.028217,-0.048369,0.013905,0.02445,0.019466,-0.04802,0.338828,0.25641
gold_futures_return_1m,2,q2,1131,-0.028149,-0.00377,-0.014983,0.006976,0.029941,0.026916,-0.043036,0.396057,0.2458
gold_futures_return_1m,3,q3,1132,-0.003766,0.020167,0.007001,0.009908,0.038516,0.034898,-0.041415,0.420586,0.20318
gold_futures_return_1m,4,q4,1131,0.02017,0.049619,0.033368,0.015437,0.035987,0.032011,-0.037277,0.399469,0.152962
gold_futures_return_1m,5,highest,1132,0.049652,0.229659,0.070224,0.003307,0.021494,0.014761,-0.055505,0.346903,0.30504
gold_futures_return_3m,1,lowest,1123,-0.240406,-0.039053,-0.06943,0.005698,0.017618,0.018986,-0.053822,0.319811,0.307487
gold_futures_return_3m,2,q2,1123,-0.038934,0.004985,-0.017218,0.008575,0.029817,0.028598,-0.044395,0.381122,0.265361
gold_futures_return_3m,3,q3,1123,0.00517,0.046389,0.026471,0.012762,0.037072,0.035049,-0.037368,0.429207,0.174533
gold_futures_return_3m,4,q4,1123,0.046391,0.094638,0.068172,0.013254,0.028391,0.023419,-0.040381,0.394479,0.159394
gold_futures_return_3m,5,highest,1123,0.094642,0.371826,0.139232,0.009587,0.039768,0.030683,-0.048101,0.389136,0.24488
gold_drawdown_from_252d_high,1,lowest,1135,-0.324787,-0.124203,-0.163374,0.016785,0.031782,0.029927,-0.046089,0.391264,0.241623
gold_drawdown_from_252d_high,2,q2,1136,-0.124161,-0.081418,-0.102412,-0.000559,-0.001827,0.000887,-0.056641,0.214664,0.375
gold_drawdown_from_252d_high,3,q3,1135,-0.081404,-0.047686,-0.062983,0.001917,0.024448,0.019893,-0.046824,0.339207,0.234361
gold_drawdown_from_252d_high,4,q4,1136,-0.047661,-0.019249,-0.033692,0.01066,0.04653,0.03346,-0.037125,0.441021,0.154049
gold_drawdown_from_252d_high,5,highest,1136,-0.019239,0,-0.004587,0.020204,0.048469,0.05159,-0.038757,0.509683,0.160211
dxy_return_1m,1,lowest,1131,-0.091003,-0.016084,-0.025129,0.009314,0.030258,0.027351,-0.044086,0.380195,0.221927
dxy_return_1m,2,q2,1131,-0.016077,-0.004582,-0.010225,0.012084,0.025754,0.022325,-0.044375,0.387701,0.245133
dxy_return_1m,3,q3,1132,-0.004577,0.005713,0.000502,0.010436,0.030578,0.025731,-0.043962,0.380697,0.223498
dxy_return_1m,4,q4,1131,0.005714,0.017537,0.011094,0.008486,0.033919,0.033267,-0.045003,0.401089,0.229885
dxy_return_1m,5,highest,1132,0.017564,0.129695,0.027764,0.009225,0.030114,0.022874,-0.047823,0.353571,0.242933
dxy_return_3m,1,lowest,1123,-0.118209,-0.028761,-0.046098,0.008239,0.031128,0.026378,-0.040806,0.387355,0.195013
dxy_return_3m,2,q2,1123,-0.028724,-0.006773,-0.015764,0.012432,0.035375,0.023084,-0.043171,0.39626,0.223508
dxy_return_3m,3,q3,1123,-0.006768,0.009222,0.001224,0.012004,0.02384,0.023458,-0.046403,0.361261,0.221728
dxy_return_3m,4,q4,1123,0.009247,0.030565,0.018116,0.010089,0.028803,0.030847,-0.044612,0.366853,0.244207
dxy_return_3m,5,highest,1123,0.030638,0.189814,0.051956,0.007191,0.034094,0.029905,-0.049066,0.404635,0.267142
dfii10_value,1,lowest,1135,-1.19,0.11,-0.6,-0.004372,-0.011033,-0.021649,-0.064147,0.215859,0.398238
dfii10_value,2,q2,1136,0.11,0.58,0.41,0.003843,0.006491,0.008595,-0.044348,0.224472,0.257923
dfii10_value,3,q3,1135,0.58,1.45,0.91,0.00816,0.030947,0.031517,-0.038972,0.394714,0.177093
dfii10_value,4,q4,1136,1.46,1.93,1.73,0.02178,0.051053,0.050036,-0.040354,0.5,0.170775
dfii10_value,5,highest,1136,1.93,3.15,2.18,0.019636,0.074393,0.06534,-0.037616,0.571295,0.161233
tnx_return_1m,1,lowest,1131,-0.696472,-0.060384,-0.099619,0.014742,0.039741,0.033452,-0.042287,0.412025,0.200707
tnx_return_1m,2,q2,1131,-0.060331,-0.019369,-0.037758,0.010201,0.036141,0.032394,-0.043512,0.425267,0.232538
tnx_return_1m,3,q3,1132,-0.019321,0.019084,-0.00068,0.00933,0.030109,0.029001,-0.043921,0.397125,0.204947
tnx_return_1m,4,q4,1131,0.019249,0.071522,0.041721,0.012268,0.02982,0.026426,-0.045598,0.379562,0.238053
tnx_return_1m,5,highest,1132,0.071526,0.47495,0.121542,0.003037,0.014757,0.015065,-0.04993,0.289381,0.287102
t10yie_value,1,lowest,1135,0.04,1.8,1.58,0.015082,0.040866,0.039755,-0.040936,0.444934,0.192952
t10yie_value,2,q2,1136,1.8,2.14,1.97,0.002463,0.015448,0.015765,-0.043513,0.263204,0.239437
t10yie_value,3,q3,1135,2.14,2.3,2.23,0.010172,0.032769,0.024272,-0.043088,0.410584,0.227513
t10yie_value,4,q4,1136,2.3,2.4,2.34,0.019901,0.049952,0.047555,-0.037547,0.477293,0.163732
t10yie_value,5,highest,1136,2.4,3.02,2.5,0.001273,0.010536,0.002369,-0.060342,0.301333,0.341549
vix_percentile_1y,1,lowest,1085,0.003968,0.123016,0.043651,0.010143,0.025264,0.029825,-0.040686,0.374885,0.168664
vix_percentile_1y,2,q2,1085,0.123016,0.325397,0.218254,0.01245,0.029165,0.03465,-0.043597,0.402999,0.225092
vix_percentile_1y,3,q3,1086,0.325397,0.571429,0.448413,0.009577,0.035262,0.03161,-0.041855,0.403558,0.214549
vix_percentile_1y,4,q4,1085,0.571429,0.797619,0.686508,0.005906,0.025526,0.014624,-0.04951,0.344309,0.281106
vix_percentile_1y,5,highest,1086,0.797619,1,0.920635,0.01241,0.038207,0.027727,-0.050793,0.396122,0.28361
sp500_return_1m,1,lowest,1131,-0.329668,-0.020927,-0.044891,0.015794,0.036834,0.031449,-0.049939,0.403897,0.259063
sp500_return_1m,2,q2,1131,-0.020831,0.00544,-0.005131,0.005184,0.022558,0.012207,-0.048418,0.34296,0.26702
sp500_return_1m,3,q3,1132,0.005447,0.02156,0.013418,0.011016,0.030556,0.03083,-0.042675,0.373548,0.210247
sp500_return_1m,4,q4,1131,0.021561,0.03831,0.029767,0.009784,0.02914,0.031336,-0.042792,0.405165,0.214159
sp500_return_1m,5,highest,1132,0.038318,0.251144,0.052421,0.007729,0.031338,0.026935,-0.04143,0.376682,0.212898
nasdaq_return_1m,1,lowest,1131,-0.310277,-0.029002,-0.056326,0.015566,0.039681,0.032319,-0.048334,0.418231,0.236074
nasdaq_return_1m,2,q2,1131,-0.028929,0.005397,-0.009497,0.006517,0.023807,0.018052,-0.04796,0.340234,0.266136
nasdaq_return_1m,3,q3,1132,0.005469,0.027585,0.016582,0.010296,0.026542,0.027953,-0.044949,0.363393,0.222812
nasdaq_return_1m,4,q4,1131,0.027593,0.050681,0.038975,0.009322,0.031255,0.029349,-0.04146,0.40531,0.207781
nasdaq_return_1m,5,highest,1132,0.050711,0.247986,0.068645,0.007828,0.029212,0.025632,-0.042549,0.375224,0.230565
silver_futures_return_1m,1,lowest,1131,-0.352766,-0.057822,-0.092877,0.013578,0.027586,0.022796,-0.04816,0.365542,0.253758
silver_futures_return_1m,2,q2,1131,-0.057805,-0.013112,-0.033397,0.008496,0.033151,0.028375,-0.041919,0.374555,0.199823
silver_futures_return_1m,3,q3,1132,-0.013087,0.029628,0.006507,0.010755,0.038122,0.036202,-0.041502,0.430742,0.210247
silver_futures_return_1m,4,q4,1131,0.029767,0.082366,0.055299,0.006778,0.02896,0.021877,-0.044876,0.379218,0.238727
silver_futures_return_1m,5,highest,1132,0.08244,0.632688,0.128635,0.009947,0.022739,0.020472,-0.048797,0.352837,0.260831
copper_futures_return_1m,1,lowest,1131,-0.467493,-0.044645,-0.077223,0.013919,0.037842,0.02664,-0.048665,0.414591,0.2458
copper_futures_return_1m,2,q2,1131,-0.044623,-0.007381,-0.024448,0.005206,0.019624,0.023051,-0.046815,0.345568,0.243148
copper_futures_return_1m,3,q3,1132,-0.007353,0.023893,0.008167,0.006711,0.026837,0.025304,-0.043657,0.370436,0.233216
copper_futures_return_1m,4,q4,1131,0.02391,0.065193,0.042386,0.009862,0.032375,0.029515,-0.041427,0.394784,0.218584
copper_futures_return_1m,5,highest,1132,0.0652,0.465746,0.098654,0.01382,0.033852,0.030346,-0.044683,0.37746,0.222615
wti_crude_oil_return_1m,1,lowest,1131,-2.49207,-0.072222,-0.11596,0.014359,0.048232,0.044683,-0.042636,0.462727,0.215738
wti_crude_oil_return_1m,2,q2,1131,-0.072173,-0.01438,-0.041539,0.007612,0.031879,0.019025,-0.045386,0.370896,0.2458
wti_crude_oil_return_1m,3,q3,1132,-0.01427,0.035641,0.010381,0.009173,0.026389,0.019668,-0.044198,0.342199,0.217314
wti_crude_oil_return_1m,4,q4,1131,0.035657,0.088782,0.059582,0.009902,0.022197,0.0257,-0.045723,0.36121,0.228117
wti_crude_oil_return_1m,5,highest,1132,0.088811,2.345654,0.129012,0.008476,0.02219,0.022991,-0.047309,0.367713,0.25641
fedfunds_value,1,lowest,1135,0.05,0.11,0.09,0.002823,0.008016,0.003612,-0.052339,0.24141,0.332159
fedfunds_value,2,q2,1136,0.11,0.24,0.15,0.00679,0.016937,0.014731,-0.049689,0.352993,0.267606
fedfunds_value,3,q3,1135,0.24,1.91,1.01,0.005085,0.017676,0.019132,-0.046682,0.318062,0.249339
fedfunds_value,4,q4,1136,1.91,4.29,2.63,0.01371,0.03783,0.040557,-0.044648,0.430568,0.222026
fedfunds_value,5,highest,1136,4.29,5.33,5.12,0.020534,0.069371,0.061722,-0.032082,0.555458,0.09419
rrpontsyd_value,1,lowest,1135,0,0.99,0.225,0.006968,0.026849,0.028527,-0.047419,0.398564,0.26455
rrpontsyd_value,2,q2,1135,0.99,2.25,2.013,0.010958,0.038568,0.030412,-0.04534,0.427803,0.212335
rrpontsyd_value,3,q3,1136,2.25,25,4.095,0.01036,0.024954,0.025193,-0.057295,0.360538,0.330986
rrpontsyd_value,4,q4,1135,25,171.12,95.244,0.010519,0.024918,0.01691,-0.040007,0.320988,0.21674
rrpontsyd_value,5,highest,1136,171.269,2553.716,1013.584,0.010112,0.034175,0.03106,-0.035346,0.389085,0.139965
central_bank_gold_reserves_top15_change_3m,1,lowest,1123,-194.341557,-30.975697,-69.16994,0.015335,0.042876,0.041462,-0.045028,0.447907,0.203918
central_bank_gold_reserves_top15_change_3m,2,q2,1123,-30.975697,26.862414,0,0.008849,0.033204,0.014063,-0.052685,0.39434,0.289661
central_bank_gold_reserves_top15_change_3m,3,q3,1123,26.862414,58.814167,42.957841,0.003971,0.021984,0.021119,-0.045595,0.336598,0.259127
central_bank_gold_reserves_top15_change_3m,4,q4,1123,58.814167,98.013308,71.449587,0.012498,0.022162,0.013091,-0.03978,0.318789,0.213713
central_bank_gold_reserves_top15_change_3m,5,highest,1123,98.013308,731.506998,133.708641,0.009283,0.033316,0.040479,-0.040978,0.420303,0.185218
days_to_next_fomc,1,lowest,1135,0,13,6,0.008961,0.035154,0.030179,-0.045285,0.392633,0.248458
days_to_next_fomc,2,q2,1136,13,28,20,0.002574,0.030887,0.01965,-0.047717,0.345878,0.262324
days_to_next_fomc,3,q3,1135,28,43,35,0.009051,0.029299,0.019049,-0.045311,0.360465,0.230159
days_to_next_fomc,4,q4,1136,43,65,55,0.012196,0.025418,0.028071,-0.044144,0.369258,0.213908
days_to_next_fomc,5,highest,1136,65,110,78,0.016069,0.028759,0.033431,-0.042977,0.426937,0.210387
days_since_last_fomc,1,lowest,1134,0,12,6,0.018498,0.034339,0.033352,-0.040205,0.420863,0.200353
days_since_last_fomc,2,q2,1134,13,27,20,0.013563,0.032878,0.033039,-0.041782,0.401434,0.207231
days_since_last_fomc,3,q3,1134,27,43,35,0.006176,0.033615,0.033142,-0.045654,0.410441,0.226631
days_since_last_fomc,4,q4,1134,43,67,55,0.007237,0.029701,0.021312,-0.045487,0.368607,0.207231
days_since_last_fomc,5,highest,1134,67,110,78,0.003804,0.019492,0.009203,-0.052096,0.298942,0.320106
sp500_return_3m,1,lowest,1123,-0.417706,-0.023954,-0.067216,0.01286,0.028759,0.026113,-0.05525,0.371327,0.325913
sp500_return_3m,2,q2,1123,-0.023903,0.021027,0.001584,0.009503,0.028815,0.023927,-0.043226,0.352627,0.235085
sp500_return_3m,3,q3,1123,0.021088,0.046781,0.034093,0.013419,0.023672,0.018742,-0.040318,0.338117,0.178985
sp500_return_3m,4,q4,1123,0.046783,0.076439,0.059941,0.005548,0.027948,0.026813,-0.04284,0.366426,0.195187
sp500_return_3m,5,highest,1123,0.076445,0.393519,0.099218,0.008608,0.044615,0.04761,-0.042423,0.492151,0.216385
nasdaq_return_3m,1,lowest,1123,-0.454957,-0.036839,-0.081126,0.012141,0.025716,0.022379,-0.052374,0.362422,0.300089
nasdaq_return_3m,2,q2,1123,-0.036733,0.025666,0.00123,0.0116,0.03057,0.024727,-0.042794,0.343806,0.219251
nasdaq_return_3m,3,q3,1123,0.025766,0.059407,0.041313,0.012432,0.027527,0.028862,-0.042119,0.373656,0.192342
nasdaq_return_3m,4,q4,1123,0.059416,0.098259,0.077238,0.00589,0.02453,0.022211,-0.044906,0.354148,0.228851
nasdaq_return_3m,5,highest,1123,0.098264,0.465816,0.135174,0.007908,0.045623,0.046498,-0.041864,0.487013,0.211042
vix_return_1m,1,lowest,1131,-0.570419,-0.160748,-0.230423,0.006953,0.0212,0.02136,-0.044516,0.320604,0.240495
vix_return_1m,2,q2,1131,-0.160623,-0.063249,-0.109539,0.012337,0.031155,0.031202,-0.040274,0.393017,0.215738
vix_return_1m,3,q3,1132,-0.063226,0.02862,-0.018246,0.008894,0.030332,0.030032,-0.044577,0.41787,0.221927
vix_return_1m,4,q4,1131,0.028685,0.17272,0.086111,0.010002,0.034426,0.023641,-0.045249,0.393531,0.221043
vix_return_1m,5,highest,1132,0.173088,4.843817,0.316152,0.01134,0.03349,0.024783,-0.05063,0.378761,0.264134
vix_return_3m,1,lowest,1123,-0.695395,-0.217712,-0.298298,0.006556,0.029979,0.033846,-0.043838,0.426095,0.247551
vix_return_3m,2,q2,1123,-0.217596,-0.095531,-0.154857,0.010088,0.029732,0.028598,-0.043467,0.384615,0.224599
vix_return_3m,3,q3,1123,-0.095498,0.025276,-0.041185,0.009744,0.031066,0.026112,-0.043115,0.369702,0.197685
vix_return_3m,4,q4,1123,0.025288,0.231875,0.113965,0.010648,0.027134,0.020145,-0.044628,0.360143,0.223508
vix_return_3m,5,highest,1123,0.231884,5.297364,0.502063,0.01292,0.035449,0.026856,-0.049009,0.37756,0.258237
wti_crude_oil_return_3m,1,lowest,1123,-2.084507,-0.102913,-0.187208,0.01865,0.048745,0.043837,-0.038512,0.461397,0.179144
wti_crude_oil_return_3m,2,q2,1123,-0.102769,-0.008283,-0.058131,0.010917,0.035487,0.031449,-0.041255,0.40376,0.18789
wti_crude_oil_return_3m,3,q3,1123,-0.008242,0.066176,0.028634,0.007266,0.028118,0.018797,-0.044879,0.361037,0.243099
wti_crude_oil_return_3m,4,q4,1123,0.066244,0.164408,0.111802,0.008784,0.022961,0.018512,-0.048606,0.33066,0.260908
wti_crude_oil_return_3m,5,highest,1123,0.164459,3.191808,0.24088,0.004463,0.018475,0.022689,-0.050801,0.362568,0.280499
silver_futures_return_3m,1,lowest,1123,-0.495466,-0.086546,-0.141524,0.010501,0.023147,0.02207,-0.05371,0.327425,0.314617
silver_futures_return_3m,2,q2,1123,-0.086448,-0.0122,-0.045336,0.018027,0.038491,0.031837,-0.035459,0.42077,0.158504
silver_futures_return_3m,3,q3,1123,-0.012128,0.055392,0.02078,0.006284,0.027853,0.029366,-0.043184,0.388393,0.216385
silver_futures_return_3m,4,q4,1123,0.055429,0.146323,0.091215,0.004008,0.026229,0.020856,-0.044643,0.372321,0.228851
silver_futures_return_3m,5,highest,1123,0.146392,1.429256,0.236912,0.011147,0.037359,0.031801,-0.047071,0.406055,0.233304
copper_futures_return_3m,1,lowest,1123,-0.603402,-0.071695,-0.120111,0.013185,0.044389,0.036758,-0.045763,0.422974,0.225289
copper_futures_return_3m,2,q2,1123,-0.07166,-0.009013,-0.038618,0.005804,0.022559,0.0192,-0.049481,0.322351,0.252004
copper_futures_return_3m,3,q3,1123,-0.00897,0.04865,0.018427,0.010928,0.021673,0.021977,-0.043393,0.374217,0.239537
copper_futures_return_3m,4,q4,1123,0.048705,0.132919,0.083067,0.008512,0.026602,0.02514,-0.040998,0.387698,0.197861
copper_futures_return_3m,5,highest,1123,0.132937,0.87573,0.199248,0.011514,0.037992,0.03346,-0.04442,0.410394,0.236866
tnx_return_3m,1,lowest,1123,-0.722315,-0.109932,-0.169699,0.016339,0.042585,0.042704,-0.03878,0.447017,0.175423
tnx_return_3m,2,q2,1123,-0.109747,-0.030718,-0.066694,0.011837,0.040072,0.026112,-0.044214,0.390917,0.229742
tnx_return_3m,3,q3,1123,-0.030659,0.033333,0.0028,0.009249,0.028254,0.018514,-0.043916,0.352731,0.216385
tnx_return_3m,4,q4,1123,0.033543,0.12599,0.071752,0.007729,0.027708,0.034893,-0.047401,0.408411,0.245989
tnx_return_3m,5,highest,1123,0.126013,0.882609,0.241628,0.00476,0.01457,0.020195,-0.04975,0.319035,0.284061
gld_return_1m,1,lowest,1087,-0.213723,-0.028276,-0.04856,0.013543,0.024543,0.019466,-0.048598,0.335564,0.265869
gld_return_1m,2,q2,1087,-0.028254,-0.004182,-0.015338,0.006924,0.030089,0.026047,-0.0434,0.394419,0.24839
gld_return_1m,3,q3,1087,-0.004175,0.019282,0.00632,0.008585,0.037513,0.034403,-0.042513,0.414048,0.210672
gld_return_1m,4,q4,1087,0.019293,0.049403,0.032828,0.015331,0.036136,0.034514,-0.038252,0.415129,0.161914
gld_return_1m,5,highest,1088,0.049442,0.244104,0.072201,0.005754,0.024514,0.01993,-0.053791,0.358195,0.286109
gld_return_3m,1,lowest,1078,-0.249336,-0.041298,-0.070149,0.005071,0.015945,0.015519,-0.055439,0.306404,0.321263
gld_return_3m,2,q2,1079,-0.041246,0.004312,-0.017898,0.008798,0.031629,0.032734,-0.044629,0.405005,0.268767
gld_return_3m,3,q3,1079,0.004353,0.046232,0.025245,0.012734,0.035279,0.033515,-0.038948,0.41798,0.18721
gld_return_3m,4,q4,1079,0.046239,0.095517,0.067678,0.013993,0.030881,0.028029,-0.040038,0.408712,0.16126
gld_return_3m,5,highest,1079,0.095566,0.360942,0.140717,0.009481,0.039503,0.031393,-0.048174,0.391103,0.241891
iau_return_1m,1,lowest,1078,-0.215529,-0.028022,-0.048548,0.013999,0.025102,0.020016,-0.048842,0.347155,0.270872
iau_return_1m,2,q2,1078,-0.02799,-0.003734,-0.014804,0.005987,0.029653,0.02658,-0.043982,0.393058,0.251391
iau_return_1m,3,q3,1078,-0.003729,0.019783,0.006735,0.009177,0.038352,0.034898,-0.042366,0.417521,0.210575
iau_return_1m,4,q4,1078,0.019789,0.049921,0.03353,0.015798,0.037293,0.035458,-0.037917,0.421395,0.159555
iau_return_1m,5,highest,1078,0.049947,0.244578,0.072643,0.005334,0.023795,0.019568,-0.054118,0.355019,0.288765
iau_return_3m,1,lowest,1069,-0.249356,-0.041149,-0.069992,0.005118,0.016341,0.016542,-0.055312,0.310139,0.321161
iau_return_3m,2,q2,1070,-0.041121,0.005183,-0.017369,0.009159,0.032333,0.033922,-0.045083,0.41215,0.276636
iau_return_3m,3,q3,1069,0.00519,0.047094,0.026395,0.013548,0.035909,0.034191,-0.038657,0.420954,0.187091
iau_return_3m,4,q4,1070,0.047154,0.09668,0.068528,0.013999,0.030837,0.028207,-0.040092,0.41215,0.162617
iau_return_3m,5,highest,1070,0.09686,0.361711,0.141271,0.009359,0.03967,0.031242,-0.048334,0.390654,0.242991
gdpc1_value,1,lowest,1135,15248.68,16611.69,16298.262,0.016674,0.053459,0.047425,-0.040355,0.481938,0.185903
gdpc1_value,2,q2,1136,16611.69,17662.4,16943.291,0.012245,0.029827,0.024329,-0.051531,0.384683,0.276408
gdpc1_value,3,q3,1135,17662.4,19506.949,18782.243,-0.002694,-0.004425,-0.007954,-0.059531,0.246696,0.370925
gdpc1_value,4,q4,1136,19506.949,21967.045,20602.275,0.00606,0.013791,0.014122,-0.038267,0.266725,0.181338
gdpc1_value,5,highest,1136,21967.045,24270.599,23286.508,0.016718,0.058334,0.056291,-0.035749,0.523765,0.150661
cpiaucsl_value,1,lowest,1135,186.3,212.709,200.7,0.019032,0.052485,0.04478,-0.037688,0.463436,0.15859
cpiaucsl_value,2,q2,1136,212.709,231.679,219.035,0.009889,0.030801,0.029587,-0.054197,0.403169,0.303697
cpiaucsl_value,3,q3,1135,231.679,244.243,237.46,-0.003764,-0.008688,-0.007954,-0.060106,0.208811,0.370925
cpiaucsl_value,4,q4,1136,244.243,282.543,256.233,0.007687,0.023954,0.023629,-0.034583,0.329225,0.153169
cpiaucsl_value,5,highest,1136,284.5,333.979,313.044,0.016149,0.052083,0.04983,-0.038862,0.49767,0.178855
pcepi_value,1,lowest,1135,78.909,88.382,84.135,0.019719,0.05325,0.046122,-0.036953,0.468722,0.150661
pcepi_value,2,q2,1136,88.382,95.275,90.881,0.009203,0.030037,0.028423,-0.054931,0.397887,0.31162
pcepi_value,3,q3,1135,95.275,99.803,97.391,-0.003764,-0.008688,-0.007954,-0.060106,0.208811,0.370925
pcepi_value,4,q4,1136,99.803,112.805,103.8775,0.007687,0.023954,0.023629,-0.034583,0.329225,0.153169
pcepi_value,5,highest,1136,113.471,131.535,123.348,0.016149,0.052083,0.04983,-0.038862,0.49767,0.178855
payems_value,1,lowest,1135,129706,133520,131466,0.012937,0.041329,0.033671,-0.038178,0.415859,0.174449
payems_value,2,q2,1136,133520,137700,135873,0.007284,0.021163,0.02599,-0.064682,0.403169,0.369718
payems_value,3,q3,1135,137700,144520,140364,0.006591,0.016364,-0.00054,-0.04866,0.2837,0.294273
payems_value,4,q4,1136,144520,151667,148420,0.004466,0.012054,0.015542,-0.036603,0.258803,0.167254
payems_value,5,highest,1136,151667,158881,157608,0.017748,0.060187,0.060077,-0.037301,0.543336,0.159471
m2sl_value,1,lowest,1135,6081.3,7794.9,6806.3,0.015835,0.044861,0.03718,-0.043307,0.436123,0.202643
m2sl_value,2,q2,1136,7794.9,10502.3,8769.8,0.013083,0.038418,0.035253,-0.048582,0.430458,0.259683
m2sl_value,3,q3,1135,10502.3,13638.5,11953.4,-0.003764,-0.008688,-0.007954,-0.060106,0.208811,0.370925
m2sl_value,4,q4,1136,13638.5,20792.2,15185.6,0.007891,0.023904,0.024293,-0.035773,0.327465,0.153169
m2sl_value,5,highest,1136,20792.2,23155.2,21541.3,0.015941,0.052137,0.049832,-0.03767,0.499534,0.178855
t10y2y_value,1,lowest,1135,-1.08,0.16,-0.12,0.014415,0.045181,0.043119,-0.035233,0.45022,0.12511
t10y2y_value,2,q2,1136,0.16,0.55,0.33,0.016552,0.060567,0.061803,-0.035587,0.561976,0.180617
t10y2y_value,3,q3,1135,0.55,1.29,0.91,0.010555,0.02332,0.018496,-0.041256,0.313656,0.179736
t10y2y_value,4,q4,1136,1.29,1.91,1.54,-0.004902,-0.015128,-0.022309,-0.070908,0.182218,0.460387
t10y2y_value,5,highest,1136,1.92,2.91,2.38,0.012389,0.037187,0.030519,-0.042429,0.397887,0.21919
central_bank_gold_reserves_top15_tonnes,1,lowest,1135,21383.388863,22131.455637,21808.08747,0.019847,0.058256,0.054486,-0.050262,0.526872,0.257269
central_bank_gold_reserves_top15_tonnes,2,q2,1136,22131.455637,22860.846836,22352.973841,0.009075,0.025034,0.021195,-0.041633,0.339789,0.205106
central_bank_gold_reserves_top15_tonnes,3,q3,1135,22860.846836,24674.823981,23378.703632,-0.003813,-0.009302,-0.008171,-0.060231,0.203524,0.370925
central_bank_gold_reserves_top15_tonnes,4,q4,1136,24674.823981,25963.009411,25558.354405,0.007955,0.022679,0.023273,-0.035633,0.334507,0.161972
central_bank_gold_reserves_top15_tonnes,5,highest,1136,25974.630464,26878.769834,26625.224309,0.015925,0.054083,0.04983,-0.037685,0.49767,0.170044
dfii10_value_change_1m,1,lowest,1131,-1.12,-0.16,-0.24,0.011725,0.032692,0.026371,-0.043415,0.382847,0.226348
dfii10_value_change_1m,2,q2,1131,-0.16,-0.05,-0.1,0.010727,0.028828,0.024585,-0.043473,0.3855,0.228117
dfii10_value_change_1m,3,q3,1132,-0.05,0.03,-0.01,0.010146,0.029449,0.02676,-0.04551,0.378761,0.238516
dfii10_value_change_1m,4,q4,1131,0.03,0.16,0.09,0.009734,0.026707,0.023985,-0.044714,0.351818,0.222124
dfii10_value_change_1m,5,highest,1132,0.16,1.35,0.26,0.007174,0.032855,0.033485,-0.048135,0.403811,0.248233
dfii10_value_change_3m,1,lowest,1123,-1.42,-0.27,-0.4,0.017479,0.046339,0.047701,-0.037456,0.488869,0.179875
dfii10_value_change_3m,2,q2,1123,-0.27,-0.09,-0.18,0.008066,0.026684,0.013425,-0.044051,0.319679,0.222618
dfii10_value_change_3m,3,q3,1123,-0.09,0.06,-0.01,0.001646,0.019804,0.012208,-0.049434,0.311943,0.26358
dfii10_value_change_3m,4,q4,1123,0.06,0.26,0.15,0.011241,0.023381,0.02642,-0.047307,0.366007,0.254675
dfii10_value_change_3m,5,highest,1123,0.26,1.58,0.43,0.011554,0.037415,0.039147,-0.045811,0.432836,0.230838
fedfunds_value_change_1m,1,lowest,1131,-1.33,-0.01,-0.09,0.021857,0.065645,0.057341,-0.042781,0.546595,0.217507
fedfunds_value_change_1m,2,q2,1131,-0.01,0,0,0.001123,0.012159,0.005341,-0.051576,0.274978,0.282935
fedfunds_value_change_1m,3,q3,1132,0,0.01,0,0.007107,0.037598,0.039615,-0.044835,0.45941,0.206897
fedfunds_value_change_1m,4,q4,1131,0.01,0.08,0.01,0.007315,0.002993,0.001185,-0.047999,0.231653,0.290009
fedfunds_value_change_1m,5,highest,1132,0.08,1.12,0.17,0.012079,0.03294,0.028429,-0.038066,0.39576,0.166078
fedfunds_value_change_3m,1,lowest,1123,-1.96,-0.03,-0.45,0.025389,0.068149,0.068812,-0.046657,0.577916,0.232413
fedfunds_value_change_3m,2,q2,1123,-0.03,0,-0.01,0.003066,0.016238,0.019132,-0.050412,0.321764,0.274265
fedfunds_value_change_3m,3,q3,1123,0,0.02,0,0.007689,0.030584,0.029075,-0.04365,0.391226,0.243316
fedfunds_value_change_3m,4,q4,1123,0.02,0.25,0.06,0.004067,0.006602,0.004344,-0.04284,0.247551,0.199466
fedfunds_value_change_3m,5,highest,1123,0.25,2,0.5,0.009641,0.031093,0.024224,-0.040499,0.375779,0.202137
tnx_close_change_1m,1,lowest,1131,-1.494,-0.185,-0.29,0.016216,0.049878,0.043804,-0.041851,0.461062,0.205128
tnx_close_change_1m,2,q2,1131,-0.185,-0.059,-0.112,0.009048,0.029466,0.022807,-0.043386,0.39537,0.221043
tnx_close_change_1m,3,q3,1132,-0.058,0.055,-0.002,0.007789,0.023351,0.022595,-0.045108,0.367292,0.217314
tnx_close_change_1m,4,q4,1131,0.055,0.191,0.116,0.008075,0.016685,0.011368,-0.048639,0.311312,0.270796
tnx_close_change_1m,5,highest,1132,0.191,0.929,0.307,0.008376,0.030815,0.027441,-0.046267,0.366159,0.249117
tnx_close_change_3m,1,lowest,1123,-1.81,-0.33,-0.52,0.022,0.061704,0.058162,-0.034555,0.549421,0.138914
tnx_close_change_3m,2,q2,1123,-0.329,-0.086,-0.201,0.007414,0.027423,0.012025,-0.047262,0.316118,0.256456
tnx_close_change_3m,3,q3,1123,-0.086,0.107,0.008,0.007179,0.01835,0.009339,-0.046138,0.314848,0.238646
tnx_close_change_3m,4,q4,1123,0.107,0.328,0.206,0.00629,0.019723,0.024139,-0.049888,0.370879,0.28317
tnx_close_change_3m,5,highest,1123,0.328,1.447,0.568,0.007009,0.025724,0.02855,-0.046218,0.364964,0.234403
dxy_close_change_1m,1,lowest,1131,-7.900002,-1.459999,-2.290001,0.009483,0.030754,0.029437,-0.043132,0.387611,0.21397
dxy_close_change_1m,2,q2,1131,-1.450005,-0.410004,-0.93,0.01237,0.026798,0.020954,-0.044071,0.387355,0.243363
dxy_close_change_1m,3,q3,1132,-0.409996,0.510002,0.040001,0.009734,0.027817,0.022219,-0.046055,0.365179,0.241166
dxy_close_change_1m,4,q4,1131,0.510002,1.580002,1,0.008293,0.032864,0.032215,-0.04523,0.399819,0.232538
dxy_close_change_1m,5,highest,1132,1.589996,9.980003,2.504997,0.009659,0.03237,0.026595,-0.046759,0.363148,0.232332
dxy_close_change_3m,1,lowest,1123,-11.07,-2.629997,-4.129997,0.008903,0.031737,0.027564,-0.040145,0.393589,0.186109
dxy_close_change_3m,2,q2,1123,-2.629997,-0.610001,-1.420006,0.01187,0.035371,0.023044,-0.043415,0.394479,0.227961
dxy_close_change_3m,3,q3,1123,-0.610001,0.82,0.110001,0.011359,0.020779,0.020936,-0.048381,0.345013,0.236866
dxy_close_change_3m,4,q4,1123,0.82,2.75,1.639999,0.010428,0.029183,0.031202,-0.044953,0.373023,0.244207
dxy_close_change_3m,5,highest,1123,2.75,13.790001,4.539993,0.007392,0.036202,0.031591,-0.047166,0.410555,0.256456
vix_close_change_1m,1,lowest,1131,-41.850002,-3.150002,-5.500002,0.00746,0.023095,0.022211,-0.045083,0.331854,0.251105
vix_close_change_1m,2,q2,1131,-3.15,-1.02,-1.929999,0.011158,0.028326,0.028887,-0.040998,0.378815,0.219275
vix_close_change_1m,3,q3,1132,-1.02,0.44,-0.295,0.009381,0.031345,0.032687,-0.043464,0.422142,0.209549
vix_close_change_1m,4,q4,1131,0.440001,2.720001,1.39,0.00916,0.033063,0.021658,-0.044925,0.385099,0.218391
vix_close_change_1m,5,highest,1132,2.729998,68.540003,5.09,0.012367,0.034752,0.026812,-0.050774,0.385638,0.265018
vix_close_change_3m,1,lowest,1123,-48.290001,-4.42,-7.379999,0.007517,0.031485,0.032348,-0.043891,0.412785,0.249332
vix_close_change_3m,2,q2,1123,-4.42,-1.589999,-2.83,0.008263,0.028458,0.026856,-0.044489,0.389846,0.233512
vix_close_change_3m,3,q3,1123,-1.58,0.380001,-0.63,0.010855,0.03155,0.029596,-0.04176,0.380396,0.18789
vix_close_change_3m,4,q4,1123,0.389999,3.490001,1.719999,0.009576,0.025795,0.016316,-0.044208,0.344057,0.215494
vix_close_change_3m,5,highest,1123,3.490001,68.750003,7.610001,0.013735,0.036083,0.029025,-0.049711,0.390917,0.265361
t10y2y_value_change_1m,1,lowest,1131,-0.99,-0.13,-0.19,0.007678,0.017996,0.016532,-0.044614,0.286988,0.226348
t10y2y_value_change_1m,2,q2,1131,-0.13,-0.05,-0.08,0.008235,0.029906,0.02931,-0.04358,0.412985,0.214854
t10y2y_value_change_1m,3,q3,1132,-0.05,0.02,-0.02,0.011021,0.033339,0.031025,-0.042294,0.40681,0.222615
t10y2y_value_change_1m,4,q4,1131,0.02,0.11,0.06,0.009952,0.034378,0.033542,-0.045743,0.419124,0.229001
t10y2y_value_change_1m,5,highest,1132,0.11,0.81,0.2,0.012657,0.034934,0.028458,-0.049021,0.37766,0.270557
t10y2y_value_change_3m,1,lowest,1123,-1.16,-0.26,-0.4,0.006989,0.018804,0.017797,-0.045801,0.309545,0.219947
t10y2y_value_change_3m,2,q2,1123,-0.26,-0.12,-0.18,0.003968,0.018332,0.011657,-0.047391,0.288355,0.258237
t10y2y_value_change_3m,3,q3,1123,-0.12,0.02,-0.05,0.012638,0.033321,0.041469,-0.040731,0.427017,0.206774
t10y2y_value_change_3m,4,q4,1123,0.02,0.21,0.11,0.015493,0.038652,0.038995,-0.044185,0.457703,0.220837
t10y2y_value_change_3m,5,highest,1123,0.21,1.2,0.38,0.01084,0.043865,0.03547,-0.045948,0.431879,0.24577
t10yie_value_change_1m,1,lowest,1131,-1.15,-0.1,-0.17,0.010848,0.041436,0.039186,-0.04837,0.43231,0.244032
t10yie_value_change_1m,2,q2,1131,-0.1,-0.02,-0.06,0.010445,0.04128,0.039004,-0.039571,0.441361,0.190981
t10yie_value_change_1m,3,q3,1132,-0.02,0.03,0,0.010101,0.027814,0.026076,-0.044245,0.393399,0.214664
t10yie_value_change_1m,4,q4,1131,0.03,0.11,0.07,0.010507,0.024508,0.020962,-0.045178,0.36193,0.239823
t10yie_value_change_1m,5,highest,1132,0.11,1.05,0.17,0.007641,0.01578,0.011832,-0.047884,0.275465,0.273852
t10yie_value_change_3m,1,lowest,1123,-2.14,-0.18,-0.29,0.014316,0.043175,0.042191,-0.043523,0.43447,0.214604
t10yie_value_change_3m,2,q2,1123,-0.18,-0.04,-0.1,0.017454,0.049123,0.041584,-0.035548,0.457875,0.150624
t10yie_value_change_3m,3,q3,1123,-0.04,0.07,0.02,0.007974,0.021886,0.019025,-0.046413,0.345568,0.234194
t10yie_value_change_3m,4,q4,1123,0.07,0.18,0.12,0.008165,0.022996,0.020666,-0.049907,0.363063,0.281389
t10yie_value_change_3m,5,highest,1123,0.18,1.31,0.31,0.002162,0.016644,0.013353,-0.048661,0.318141,0.270703
cpiaucsl_value_change_1m,1,lowest,1131,-5.597,0.048,-0.131,0.012098,0.038721,0.033912,-0.045284,0.433056,0.221239
cpiaucsl_value_change_1m,2,q2,1131,0.048,0.406,0.214,0.005415,0.031421,0.025955,-0.044735,0.359292,0.23519
cpiaucsl_value_change_1m,3,q3,1132,0.406,0.643,0.535,0.009426,0.015471,0.016494,-0.04935,0.314488,0.275618
cpiaucsl_value_change_1m,4,q4,1131,0.648,1,0.772,0.0087,0.038242,0.028908,-0.037486,0.380195,0.193634
cpiaucsl_value_change_1m,5,highest,1132,1,5.131,1.328,0.013931,0.027042,0.031472,-0.048388,0.418605,0.237633
cpiaucsl_value_change_3m,1,lowest,1123,-7.479,0.585,-0.081,0.012056,0.040977,0.039615,-0.044278,0.426095,0.206774
cpiaucsl_value_change_3m,2,q2,1123,0.585,1.331,1.061,0.00955,0.022722,0.020954,-0.042302,0.359751,0.239537
cpiaucsl_value_change_3m,3,q3,1123,1.331,1.866,1.587,0.010924,0.024686,0.023239,-0.046152,0.33927,0.26447
cpiaucsl_value_change_3m,4,q4,1123,1.866,2.521,2.197,0.005389,0.032822,0.023028,-0.043293,0.373297,0.190561
cpiaucsl_value_change_3m,5,highest,1123,2.521,8.755,3.482,0.012076,0.032504,0.029918,-0.048033,0.420198,0.250223
pcepi_value_change_1m,1,lowest,1131,-1.553,0.037,-0.019,0.010454,0.031342,0.029025,-0.048392,0.391505,0.253097
pcepi_value_change_1m,2,q2,1131,0.037,0.142,0.088,0.007503,0.033805,0.024895,-0.042118,0.373121,0.20336
pcepi_value_change_1m,3,q3,1132,0.142,0.217,0.18,0.006893,0.018828,0.020803,-0.046575,0.327739,0.251767
pcepi_value_change_1m,4,q4,1131,0.217,0.343,0.281,0.01618,0.04091,0.028908,-0.037078,0.394341,0.186561
pcepi_value_change_1m,5,highest,1132,0.343,1.664,0.449,0.008516,0.025676,0.030588,-0.051083,0.417189,0.268551
pcepi_value_change_3m,1,lowest,1123,-2.149,0.247,0.019,0.010158,0.038474,0.033194,-0.045311,0.408236,0.213904
pcepi_value_change_3m,2,q2,1123,0.247,0.458,0.368,0.008846,0.024928,0.029246,-0.043781,0.381122,0.235085
pcepi_value_change_3m,3,q3,1123,0.458,0.648,0.549,0.010552,0.017455,0.019866,-0.044253,0.31216,0.255565
pcepi_value_change_3m,4,q4,1123,0.648,0.911,0.748,0.009306,0.043179,0.030591,-0.039408,0.411398,0.17008
pcepi_value_change_3m,5,highest,1123,0.911,2.969,1.274,0.011103,0.029107,0.025858,-0.051306,0.403864,0.276937
rrpontsyd_value_change_1m,1,lowest,1131,-515.454,-7.095,-60.249,0.012037,0.045054,0.034423,-0.033363,0.4126,0.125553
rrpontsyd_value_change_1m,2,q2,1131,-7.084,0,-0.045,0.008465,0.031761,0.02868,-0.040771,0.393665,0.199823
rrpontsyd_value_change_1m,3,q3,1131,0,0,0,0.021812,0.051922,0.047365,-0.047863,0.486295,0.232538
rrpontsyd_value_change_1m,4,q4,1131,0,8.306,0.045,0.001588,0.006215,0.002719,-0.058923,0.306437,0.361947
rrpontsyd_value_change_1m,5,highest,1132,8.325,543.954,53.957,0.005597,0.015092,0.01218,-0.044348,0.302573,0.243816
rrpontsyd_value_change_3m,1,lowest,1122,-907.191,-21.312,-80.7975,0.019506,0.050796,0.042618,-0.030364,0.459002,0.101604
rrpontsyd_value_change_3m,2,q2,1123,-21.212,0,-0.93,0.008139,0.021564,0.019692,-0.044998,0.361741,0.237756
rrpontsyd_value_change_3m,3,q3,1123,0,0,0,0.019796,0.050128,0.045458,-0.044224,0.462155,0.201247
rrpontsyd_value_change_3m,4,q4,1123,0,11.25,0.436,0.000022,0.014352,0.017028,-0.057101,0.354571,0.344029
rrpontsyd_value_change_3m,5,highest,1123,11.402,862.234,73.442,0.00243,0.015849,0.007096,-0.047322,0.278571,0.266251
payems_value_change_1m,1,lowest,1131,-20469,33,-95,0.018164,0.055495,0.052019,-0.048453,0.512465,0.261062
payems_value_change_1m,2,q2,1131,33,134,86,0.015815,0.057897,0.047076,-0.034418,0.486559,0.123784
payems_value_change_1m,3,q3,1132,134,206,163,0.00688,0.009491,0.020374,-0.050935,0.317138,0.284452
payems_value_change_1m,4,q4,1131,206,282,232,0.003455,0.019152,0.012675,-0.044514,0.324492,0.215738
payems_value_change_1m,5,highest,1132,282,7245,358,0.00538,0.010001,-0.000268,-0.046927,0.269435,0.278269
payems_value_change_3m,1,lowest,1123,-21605,216,-259,0.023847,0.067455,0.069767,-0.046708,0.574429,0.245098
payems_value_change_3m,2,q2,1123,216,451,341,0.016246,0.050114,0.050908,-0.034802,0.501838,0.148709
payems_value_change_3m,3,q3,1123,451,575,533,0.006699,0.024325,0.020688,-0.040616,0.32146,0.176313
payems_value_change_3m,4,q4,1123,575,761,648,-0.003032,0.007523,0.00204,-0.053686,0.260908,0.297418
payems_value_change_3m,5,highest,1123,761,8829,897,0.006456,0.005505,-0.000944,-0.048249,0.267142,0.284061
m2sl_value_change_1m,1,lowest,1131,-331.7,16.9,0,0.008103,0.032655,0.028817,-0.041365,0.374433,0.182301
m2sl_value_change_1m,2,q2,1131,16.9,37.6,30,0.011911,0.037714,0.03976,-0.045773,0.447392,0.236958
m2sl_value_change_1m,3,q3,1132,37.6,58.8,48.6,0.003796,0.013478,0.010167,-0.050845,0.292403,0.29947
m2sl_value_change_1m,4,q4,1131,58.8,82.3,69.4,0.014202,0.029315,0.020364,-0.043312,0.374889,0.202476
m2sl_value_change_1m,5,highest,1132,82.3,1116,137.05,0.011492,0.037698,0.035285,-0.043948,0.414768,0.242049
m2sl_value_change_3m,1,lowest,1123,-534.8,82.4,31.5,0.014334,0.041466,0.043119,-0.040357,0.459484,0.177204
m2sl_value_change_3m,2,q2,1123,82.4,125.2,101.8,0.004866,0.033157,0.032439,-0.047136,0.394808,0.233512
m2sl_value_change_3m,3,q3,1123,125.2,174.4,147.2,0.007815,0.01044,0.009276,-0.046863,0.251113,0.266251
m2sl_value_change_3m,4,q4,1123,174.4,246.2,202.5,0.013669,0.045961,0.041007,-0.043436,0.468388,0.219947
m2sl_value_change_3m,5,highest,1123,246.2,2506.9,384.6,0.009234,0.021945,0.018713,-0.046269,0.341463,0.254675
central_bank_gold_reserves_top15_tonnes_change_1m,1,lowest,1131,-114.912603,-10.170845,-24.68874,0.011311,0.035911,0.024496,-0.047601,0.384615,0.221927
central_bank_gold_reserves_top15_tonnes_change_1m,2,q2,1131,-10.036658,1.617382,-0.870991,0.014507,0.039113,0.03287,-0.047809,0.422285,0.258407
central_bank_gold_reserves_top15_tonnes_change_1m,3,q3,1132,1.617382,16.609316,8.981808,0.009235,0.028698,0.026641,-0.043813,0.39311,0.2553
central_bank_gold_reserves_top15_tonnes_change_1m,4,q4,1131,16.609316,35.256971,25.642576,0.007067,0.011305,0.011787,-0.044626,0.262599,0.253758
central_bank_gold_reserves_top15_tonnes_change_1m,5,highest,1132,35.256971,638.369669,47.421593,0.007501,0.036024,0.040983,-0.041408,0.44258,0.174028
central_bank_gold_reserves_top15_tonnes_change_3m,1,lowest,1123,-194.341557,-30.975697,-69.16994,0.015335,0.042876,0.041462,-0.045028,0.447907,0.203918
central_bank_gold_reserves_top15_tonnes_change_3m,2,q2,1123,-30.975697,26.862414,0,0.008849,0.033204,0.014063,-0.052685,0.39434,0.289661
central_bank_gold_reserves_top15_tonnes_change_3m,3,q3,1123,26.862414,58.814167,42.957841,0.003971,0.021984,0.021119,-0.045595,0.336598,0.259127
central_bank_gold_reserves_top15_tonnes_change_3m,4,q4,1123,58.814167,98.013308,71.449587,0.012498,0.022162,0.013091,-0.03978,0.318789,0.213713
central_bank_gold_reserves_top15_tonnes_change_3m,5,highest,1123,98.013308,731.506998,133.708641,0.009283,0.033316,0.040479,-0.040978,0.420303,0.185218
