feature,target,n,pearson,spearman,abs_pearson,abs_spearman
dfii10_value,target_gold_return_next_3m,5615,0.355676,0.361093,0.355676,0.361093
payems_value_change_3m,target_gold_return_next_3m,5552,-0.169296,-0.303872,0.169296,0.303872
dfii10_value,target_good_entry_3m,5615,0.273425,0.28399,0.273425,0.28399
payems_value_change_3m,target_good_entry_3m,5552,-0.165643,-0.267355,0.165643,0.267355
fedfunds_value,target_gold_return_next_3m,5615,0.276622,0.256273,0.276622,0.256273
payems_value_change_1m,target_gold_return_next_3m,5594,-0.057385,-0.214294,0.057385,0.214294
dfii10_value,target_gold_max_drawdown_next_3m,5677,0.162927,0.213704,0.162927,0.213704
fedfunds_value,target_good_entry_3m,5615,0.223843,0.211316,0.223843,0.211316
dfii10_value,target_gold_return_next_1m,5657,0.183097,0.201396,0.183097,0.201396
payems_value_change_1m,target_good_entry_3m,5594,-0.057208,-0.192955,0.057208,0.192955
fedfunds_value,target_gold_max_drawdown_next_3m,5677,0.164132,0.188292,0.164132,0.188292
payems_value_change_3m,target_gold_return_next_1m,5594,-0.056627,-0.187856,0.056627,0.187856
dfii10_value,target_bad_entry_3m,5677,-0.169253,-0.178175,0.169253,0.178175
fedfunds_value,target_bad_entry_3m,5677,-0.176665,-0.177965,0.176665,0.177965
t10y2y_value,target_bad_entry_3m,5677,0.144051,0.159888,0.144051,0.159888
payems_value_change_3m,target_gold_max_drawdown_next_3m,5614,-0.051749,-0.158437,0.051749,0.158437
rrpontsyd_value_change_3m,target_gold_return_next_3m,5551,-0.157527,-0.156805,0.157527,0.156805
t10y2y_value,target_gold_return_next_3m,5615,-0.122075,-0.152891,0.122075,0.152891
t10y2y_value,target_gold_max_drawdown_next_3m,5677,-0.14299,-0.152771,0.14299,0.152771
rrpontsyd_value_change_3m,target_gold_max_drawdown_next_3m,5613,-0.087168,-0.147515,0.087168,0.147515
fedfunds_value_change_3m,target_good_entry_3m,5552,-0.089767,-0.141204,0.089767,0.141204
rrpontsyd_value_change_3m,target_bad_entry_3m,5613,0.088032,0.140658,0.088032,0.140658
gold_drawdown_from_252d_high,target_gold_return_next_3m,5615,0.089931,0.14052,0.089931,0.14052
t10yie_value_change_3m,target_gold_return_next_3m,5552,-0.176316,-0.139574,0.176316,0.139574
fedfunds_value_change_3m,target_gold_return_next_3m,5552,-0.115528,-0.139203,0.115528,0.139203
gold_drawdown_from_252d_high,target_bad_entry_3m,5677,-0.111112,-0.136718,0.111112,0.136718
gold_drawdown_from_252d_high,target_good_entry_3m,5615,0.08383,0.133285,0.08383,0.133285
t10y2y_value,target_good_entry_3m,5615,-0.112197,-0.130925,0.112197,0.130925
wti_crude_oil_return_3m,target_gold_return_next_3m,5552,-0.15404,-0.12531,0.15404,0.12531
fedfunds_value,target_gold_return_next_1m,5657,0.141392,0.124838,0.141392,0.124838
rrpontsyd_value_change_3m,target_good_entry_3m,5551,-0.143908,-0.124308,0.143908,0.124308
t10yie_value_change_1m,target_gold_return_next_3m,5594,-0.13435,-0.122825,0.13435,0.122825
t10y2y_value_change_3m,target_good_entry_3m,5552,0.105151,0.121634,0.105151,0.121634
t10y2y_value_change_3m,target_gold_return_next_3m,5552,0.128721,0.121327,0.128721,0.121327
t10yie_value_change_3m,target_gold_return_next_1m,5594,-0.120536,-0.121275,0.120536,0.121275
t10yie_value_change_1m,target_good_entry_3m,5594,-0.126023,-0.118725,0.126023,0.118725
rrpontsyd_value_change_3m,target_gold_return_next_1m,5593,-0.09229,-0.116054,0.09229,0.116054
payems_value_change_1m,target_gold_return_next_1m,5636,-0.011782,-0.115322,0.011782,0.115322
tnx_close_change_3m,target_gold_return_next_3m,5552,-0.119743,-0.114622,0.119743,0.114622
fedfunds_value_change_1m,target_gold_return_next_3m,5594,-0.113042,-0.113298,0.113042,0.113298
tnx_return_3m,target_gold_return_next_3m,5552,-0.13126,-0.11167,0.13126,0.11167
days_since_last_fomc,target_gold_return_next_1m,5649,-0.098065,-0.110633,0.098065,0.110633
rrpontsyd_value_change_1m,target_gold_return_next_3m,5593,-0.119645,-0.110143,0.119645,0.110143
fedfunds_value_change_3m,target_gold_return_next_1m,5594,-0.071592,-0.109205,0.071592,0.109205
t10yie_value_change_3m,target_gold_max_drawdown_next_3m,5614,-0.031026,-0.103496,0.031026,0.103496
t10yie_value_change_3m,target_good_entry_3m,5552,-0.129246,-0.100721,0.129246,0.100721
vix_percentile_1y,target_bad_entry_3m,5426,0.099336,0.100559,0.099336,0.100559
gold_drawdown_from_252d_high,target_gold_max_drawdown_next_3m,5677,0.091126,0.100364,0.091126,0.100364
wti_crude_oil_return_3m,target_bad_entry_3m,5614,0.093654,0.098929,0.093654,0.098929
fedfunds_value_change_1m,target_good_entry_3m,5594,-0.068259,-0.098001,0.068259,0.098001
rrpontsyd_value,target_bad_entry_3m,5676,-0.059798,-0.093584,0.059798,0.093584
rrpontsyd_value_change_1m,target_bad_entry_3m,5655,0.093475,0.093294,0.093475,0.093294
sp500_return_3m,target_bad_entry_3m,5614,-0.09536,-0.092367,0.09536,0.092367
wti_crude_oil_return_1m,target_gold_return_next_3m,5594,-0.104964,-0.092039,0.104964,0.092039
days_since_last_fomc,target_gold_max_drawdown_next_3m,5669,-0.091896,-0.091862,0.091896,0.091862
central_bank_gold_reserves_top15_tonnes,target_gold_max_drawdown_next_3m,5677,0.138052,0.091793,0.138052,0.091793
tnx_close_change_3m,target_good_entry_3m,5552,-0.086458,-0.087903,0.086458,0.087903
wti_crude_oil_return_3m,target_gold_max_drawdown_next_3m,5614,-0.105992,-0.087581,0.105992,0.087581
iau_return_3m,target_bad_entry_3m,5347,-0.049503,-0.087267,0.049503,0.087267
tnx_return_1m,target_gold_return_next_3m,5594,-0.09199,-0.085131,0.09199,0.085131
tnx_return_1m,target_good_entry_3m,5594,-0.087905,-0.085087,0.087905,0.085087
gld_return_3m,target_bad_entry_3m,5393,-0.046848,-0.08492,0.046848,0.08492
wti_crude_oil_return_3m,target_gold_return_next_1m,5594,-0.098981,-0.084458,0.098981,0.084458
central_bank_gold_reserves_top15_tonnes,target_bad_entry_3m,5677,-0.104825,-0.083698,0.104825,0.083698
days_since_last_fomc,target_good_entry_3m,5607,-0.088472,-0.083304,0.088472,0.083304
days_since_last_fomc,target_bad_entry_3m,5669,0.0902,0.081664,0.0902,0.081664
tnx_close_change_1m,target_good_entry_3m,5594,-0.083624,-0.081484,0.083624,0.081484
vix_percentile_1y,target_gold_max_drawdown_next_3m,5426,-0.088934,-0.080878,0.088934,0.080878
tnx_close_change_1m,target_gold_return_next_3m,5594,-0.09016,-0.080753,0.09016,0.080753
tnx_return_3m,target_good_entry_3m,5552,-0.096926,-0.080094,0.096926,0.080094
tnx_return_3m,target_bad_entry_3m,5614,0.074925,0.080091,0.074925,0.080091
payems_value_change_3m,target_bad_entry_3m,5614,0.049017,0.079948,0.049017,0.079948
t10yie_value_change_3m,target_bad_entry_3m,5614,0.038909,0.079653,0.038909,0.079653
wti_crude_oil_return_3m,target_good_entry_3m,5552,-0.085974,-0.078739,0.085974,0.078739
days_since_last_fomc,target_gold_return_next_3m,5607,-0.062461,-0.077227,0.062461,0.077227
t10yie_value,target_bad_entry_3m,5677,0.066553,0.076861,0.066553,0.076861
payems_value,target_gold_max_drawdown_next_3m,5677,0.108357,0.076432,0.108357,0.076432
days_to_next_fomc,target_gold_return_next_1m,5657,0.06933,0.075268,0.06933,0.075268
sp500_return_3m,target_good_entry_3m,5552,0.037367,0.075076,0.037367,0.075076
rrpontsyd_value_change_1m,target_gold_max_drawdown_next_3m,5655,-0.066238,-0.074291,0.066238,0.074291
nasdaq_return_3m,target_good_entry_3m,5552,0.049711,0.074189,0.049711,0.074189
tnx_close_change_3m,target_gold_return_next_1m,5594,-0.087124,-0.073641,0.087124,0.073641
gold_futures_return_3m,target_bad_entry_3m,5614,-0.036446,-0.073502,0.036446,0.073502
tnx_close_change_3m,target_bad_entry_3m,5614,0.057953,0.072194,0.057953,0.072194
t10y2y_value_change_3m,target_gold_return_next_1m,5594,0.05034,0.070702,0.05034,0.070702
tnx_return_3m,target_gold_return_next_1m,5594,-0.077434,-0.070373,0.077434,0.070373
tnx_return_1m,target_gold_return_next_1m,5636,-0.089172,-0.069912,0.089172,0.069912
rrpontsyd_value_change_1m,target_good_entry_3m,5593,-0.077156,-0.06965,0.077156,0.06965
tnx_return_3m,target_gold_max_drawdown_next_3m,5614,-0.065834,-0.069289,0.065834,0.069289
sp500_return_3m,target_gold_return_next_3m,5552,0.003083,0.068391,0.003083,0.068391
tnx_close_change_3m,target_gold_max_drawdown_next_3m,5614,-0.062057,-0.068113,0.062057,0.068113
rrpontsyd_value,target_gold_max_drawdown_next_3m,5676,0.050998,0.067961,0.050998,0.067961
sp500_return_3m,target_gold_max_drawdown_next_3m,5614,0.104843,0.067633,0.104843,0.067633
tnx_return_1m,target_gold_max_drawdown_next_3m,5656,-0.047222,-0.067189,0.047222,0.067189
gld_return_3m,target_gold_return_next_3m,5331,0.053627,0.065437,0.053627,0.065437
t10yie_value,target_gold_max_drawdown_next_3m,5677,-0.091172,-0.064979,0.091172,0.064979
wti_crude_oil_return_1m,target_good_entry_3m,5594,-0.061849,-0.064578,0.061849,0.064578
payems_value_change_1m,target_gold_max_drawdown_next_3m,5656,-0.012078,-0.064362,0.012078,0.064362
m2sl_value_change_3m,target_gold_return_next_3m,5552,0.044302,-0.063748,0.044302,0.063748
iau_return_3m,target_gold_return_next_3m,5285,0.051799,0.062244,0.051799,0.062244
t10y2y_value_change_1m,target_gold_return_next_3m,5594,0.054002,0.061974,0.054002,0.061974
payems_value,target_bad_entry_3m,5677,-0.092355,-0.061911,0.092355,0.061911
gdpc1_value,target_gold_max_drawdown_next_3m,5677,0.097247,0.061825,0.097247,0.061825
tnx_close_change_1m,target_gold_return_next_1m,5636,-0.074554,-0.061376,0.074554,0.061376
t10y2y_value,target_gold_return_next_1m,5657,-0.063151,-0.061274,0.063151,0.061274
vix_return_3m,target_gold_return_next_1m,5594,0.093768,0.06049,0.093768,0.06049
pcepi_value,target_gold_max_drawdown_next_3m,5677,0.065908,0.060076,0.065908,0.060076
nasdaq_return_3m,target_gold_return_next_3m,5552,0.022407,0.059223,0.022407,0.059223
silver_futures_return_3m,target_gold_return_next_1m,5594,-0.031234,-0.059119,0.031234,0.059119
nasdaq_return_3m,target_gold_return_next_1m,5594,-0.061904,-0.059015,0.061904,0.059015
nasdaq_return_3m,target_bad_entry_3m,5614,-0.066762,-0.058106,0.066762,0.058106
m2sl_value,target_gold_max_drawdown_next_3m,5677,0.084904,0.057652,0.084904,0.057652
tnx_close_change_1m,target_gold_max_drawdown_next_3m,5656,-0.038582,-0.05718,0.038582,0.05718
gold_futures_return_3m,target_gold_return_next_3m,5552,0.048278,0.05693,0.048278,0.05693
m2sl_value_change_3m,target_bad_entry_3m,5614,0.008301,0.056894,0.008301,0.056894
vix_close_change_3m,target_gold_return_next_1m,5594,0.063069,0.05657,0.063069,0.05657
cpiaucsl_value,target_gold_max_drawdown_next_3m,5677,0.067193,0.056182,0.067193,0.056182
t10yie_value,target_gold_return_next_3m,5615,-0.114944,-0.055726,0.114944,0.055726
sp500_return_1m,target_gold_max_drawdown_next_3m,5656,0.085441,0.055589,0.085441,0.055589
tnx_return_1m,target_bad_entry_3m,5656,0.041037,0.054348,0.041037,0.054348
cpiaucsl_value_change_3m,target_gold_return_next_3m,5552,-0.153061,-0.054335,0.153061,0.054335
fedfunds_value_change_3m,target_bad_entry_3m,5614,-0.054656,-0.054139,0.054656,0.054139
dxy_return_3m,target_bad_entry_3m,5614,0.052405,0.053974,0.052405,0.053974
t10y2y_value_change_1m,target_good_entry_3m,5594,0.029501,0.053348,0.029501,0.053348
nasdaq_return_1m,target_gold_return_next_1m,5636,-0.054366,-0.051037,0.054366,0.051037
dxy_close_change_3m,target_bad_entry_3m,5614,0.049607,0.050868,0.049607,0.050868
fedfunds_value_change_1m,target_gold_return_next_1m,5636,-0.057247,-0.050534,0.057247,0.050534
central_bank_gold_reserves_top15_tonnes_change_1m,target_gold_return_next_1m,5636,-0.045411,-0.049303,0.045411,0.049303
t10y2y_value_change_3m,target_gold_max_drawdown_next_3m,5614,0.015041,0.04841,0.015041,0.04841
sp500_return_1m,target_bad_entry_3m,5656,-0.055626,-0.048162,0.055626,0.048162
gld_return_3m,target_good_entry_3m,5331,0.027056,0.047907,0.027056,0.047907
m2sl_value_change_3m,target_good_entry_3m,5552,0.047511,-0.046765,0.047511,0.046765
gdpc1_value,target_bad_entry_3m,5677,-0.073528,-0.045995,0.073528,0.045995
days_to_next_fomc,target_gold_max_drawdown_next_3m,5677,0.025335,0.045954,0.025335,0.045954
sp500_return_1m,target_gold_return_next_1m,5636,-0.047311,-0.045744,0.047311,0.045744
dfii10_value_change_3m,target_bad_entry_3m,5614,0.037928,0.045696,0.037928,0.045696
t10yie_value,target_gold_return_next_1m,5657,-0.089552,-0.045629,0.089552,0.045629
gold_futures_return_3m,target_good_entry_3m,5552,0.02336,0.043915,0.02336,0.043915
pcepi_value,target_bad_entry_3m,5677,-0.04743,-0.043868,0.04743,0.043868
tnx_close_change_1m,target_bad_entry_3m,5656,0.027458,0.043814,0.027458,0.043814
iau_return_3m,target_good_entry_3m,5285,0.023686,0.043427,0.023686,0.043427
m2sl_value_change_3m,target_gold_max_drawdown_next_3m,5614,0.023885,-0.043279,0.023885,0.043279
days_to_next_fomc,target_bad_entry_3m,5677,-0.039871,-0.042377,0.039871,0.042377
wti_crude_oil_return_1m,target_gold_return_next_1m,5636,-0.054204,-0.042192,0.054204,0.042192
m2sl_value,target_bad_entry_3m,5677,-0.058926,-0.041753,0.058926,0.041753
gold_drawdown_from_252d_high,target_gold_return_next_1m,5657,0.008035,0.041631,0.008035,0.041631
central_bank_gold_reserves_top15_change_3m,target_gold_max_drawdown_next_3m,5614,-0.007327,0.040802,0.007327,0.040802
central_bank_gold_reserves_top15_tonnes_change_3m,target_gold_max_drawdown_next_3m,5614,-0.007327,0.040802,0.007327,0.040802
wti_crude_oil_return_1m,target_gold_max_drawdown_next_3m,5656,-0.046936,-0.040628,0.046936,0.040628
sp500_return_3m,target_gold_return_next_1m,5594,-0.05119,-0.040122,0.05119,0.040122
cpiaucsl_value,target_bad_entry_3m,5677,-0.04904,-0.039827,0.04904,0.039827
vix_close_change_1m,target_gold_return_next_1m,5636,0.022849,0.039337,0.022849,0.039337
cpiaucsl_value_change_3m,target_gold_max_drawdown_next_3m,5614,-0.092688,-0.03796,0.092688,0.03796
t10y2y_value_change_1m,target_gold_return_next_1m,5636,0.004601,0.037721,0.004601,0.037721
central_bank_gold_reserves_top15_change_3m,target_good_entry_3m,5552,-0.053404,-0.037664,0.053404,0.037664
central_bank_gold_reserves_top15_tonnes_change_3m,target_good_entry_3m,5552,-0.053404,-0.037664,0.053404,0.037664
vix_return_1m,target_gold_return_next_1m,5636,0.038086,0.037513,0.038086,0.037513
t10yie_value_change_1m,target_gold_return_next_1m,5636,-0.02005,-0.037447,0.02005,0.037447
t10yie_value_change_1m,target_gold_max_drawdown_next_3m,5656,0.0212,-0.037428,0.0212,0.037428
silver_futures_return_1m,target_gold_return_next_1m,5636,-0.032544,-0.036944,0.032544,0.036944
rrpontsyd_value_change_1m,target_gold_return_next_1m,5635,-0.041429,-0.036914,0.041429,0.036914
gold_futures_return_1m,target_gold_return_next_1m,5636,-0.088314,-0.036795,0.088314,0.036795
vix_return_1m,target_good_entry_3m,5594,0.024139,0.036254,0.024139,0.036254
vix_return_1m,target_gold_max_drawdown_next_3m,5656,-0.059205,-0.035402,0.059205,0.035402
vix_close_change_1m,target_good_entry_3m,5594,0.027878,0.034883,0.027878,0.034883
vix_return_3m,target_good_entry_3m,5552,0.032217,-0.034373,0.032217,0.034373
nasdaq_return_1m,target_gold_max_drawdown_next_3m,5656,0.062966,0.033904,0.062966,0.033904
silver_futures_return_3m,target_gold_max_drawdown_next_3m,5614,-0.026106,-0.03356,0.026106,0.03356
central_bank_gold_reserves_top15_change_3m,target_gold_return_next_3m,5552,-0.091717,-0.033554,0.091717,0.033554
central_bank_gold_reserves_top15_tonnes_change_3m,target_gold_return_next_3m,5552,-0.091717,-0.033554,0.091717,0.033554
cpiaucsl_value_change_1m,target_gold_return_next_3m,5594,-0.137154,-0.03342,0.137154,0.03342
t10yie_value,target_good_entry_3m,5615,-0.080022,-0.033143,0.080022,0.033143
vix_return_1m,target_gold_return_next_3m,5594,0.049817,0.032725,0.049817,0.032725
cpiaucsl_value_change_3m,target_bad_entry_3m,5614,0.084648,0.032192,0.084648,0.032192
gold_futures_return_1m,target_gold_max_drawdown_next_3m,5656,-0.06332,-0.032032,0.06332,0.032032
dfii10_value_change_1m,target_gold_return_next_1m,5636,-0.065323,-0.031484,0.065323,0.031484
t10yie_value_change_1m,target_bad_entry_3m,5656,-0.00003,0.031467,0.00003,0.031467
vix_close_change_1m,target_gold_return_next_3m,5594,0.04937,0.03077,0.04937,0.03077
dfii10_value_change_1m,target_gold_max_drawdown_next_3m,5656,-0.057637,-0.030602,0.057637,0.030602
vix_close_change_1m,target_gold_max_drawdown_next_3m,5656,-0.0693,-0.030421,0.0693,0.030421
t10y2y_value_change_1m,target_bad_entry_3m,5656,0.024171,0.030316,0.024171,0.030316
payems_value,target_gold_return_next_3m,5615,0.075417,0.030228,0.075417,0.030228
dxy_return_3m,target_gold_max_drawdown_next_3m,5614,-0.057904,-0.030142,0.057904,0.030142
dxy_close_change_1m,target_gold_max_drawdown_next_3m,5656,-0.029835,-0.030021,0.029835,0.030021
nasdaq_return_3m,target_gold_max_drawdown_next_3m,5614,0.073887,0.029775,0.073887,0.029775
rrpontsyd_value,target_good_entry_3m,5614,-0.03802,-0.029714,0.03802,0.029714
fedfunds_value_change_1m,target_bad_entry_3m,5656,-0.031591,-0.02971,0.031591,0.02971
dxy_return_1m,target_gold_max_drawdown_next_3m,5656,-0.030342,-0.029337,0.030342,0.029337
vix_close_change_3m,target_good_entry_3m,5552,0.022938,-0.029236,0.022938,0.029236
pcepi_value_change_3m,target_gold_return_next_3m,5552,-0.126891,-0.027763,0.126891,0.027763
silver_futures_return_1m,target_gold_return_next_3m,5594,-0.039516,-0.027259,0.039516,0.027259
pcepi_value_change_3m,target_bad_entry_3m,5614,0.074563,0.026799,0.074563,0.026799
nasdaq_return_1m,target_bad_entry_3m,5656,-0.032072,-0.026784,0.032072,0.026784
cpiaucsl_value_change_3m,target_good_entry_3m,5552,-0.09531,-0.026439,0.09531,0.026439
payems_value,target_good_entry_3m,5615,0.060801,0.026106,0.060801,0.026106
wti_crude_oil_return_1m,target_bad_entry_3m,5656,0.034724,0.026006,0.034724,0.026006
days_to_next_fomc,target_good_entry_3m,5615,0.031093,0.026005,0.031093,0.026005
copper_futures_return_1m,target_gold_max_drawdown_next_3m,5656,-0.008688,0.025822,0.008688,0.025822
silver_futures_return_3m,target_good_entry_3m,5552,-0.007081,0.025643,0.007081,0.025643
dxy_close_change_3m,target_gold_max_drawdown_next_3m,5614,-0.047714,-0.025512,0.047714,0.025512
central_bank_gold_reserves_top15_change_3m,target_bad_entry_3m,5614,0.030229,-0.025297,0.030229,0.025297
central_bank_gold_reserves_top15_tonnes_change_3m,target_bad_entry_3m,5614,0.030229,-0.025297,0.030229,0.025297
dfii10_value_change_3m,target_gold_return_next_3m,5552,0.0008,-0.024944,0.0008,0.024944
silver_futures_return_3m,target_bad_entry_3m,5614,0.010092,-0.024578,0.010092,0.024578
iau_return_1m,target_gold_return_next_1m,5369,-0.078793,-0.024375,0.078793,0.024375
central_bank_gold_reserves_top15_tonnes_change_1m,target_gold_return_next_3m,5594,-0.067062,-0.023885,0.067062,0.023885
gld_return_1m,target_gold_return_next_1m,5415,-0.077342,-0.023372,0.077342,0.023372
silver_futures_return_1m,target_gold_max_drawdown_next_3m,5656,-0.020169,-0.023234,0.020169,0.023234
copper_futures_return_3m,target_gold_max_drawdown_next_3m,5614,-0.004237,0.023015,0.004237,0.023015
cpiaucsl_value_change_3m,target_gold_return_next_1m,5594,-0.098297,-0.022869,0.098297,0.022869
gld_return_3m,target_gold_max_drawdown_next_3m,5393,0.014662,0.022682,0.014662,0.022682
central_bank_gold_reserves_top15_change_3m,target_gold_return_next_1m,5594,-0.057857,-0.022435,0.057857,0.022435
central_bank_gold_reserves_top15_tonnes_change_3m,target_gold_return_next_1m,5594,-0.057857,-0.022435,0.057857,0.022435
pcepi_value_change_3m,target_gold_max_drawdown_next_3m,5614,-0.078103,-0.021823,0.078103,0.021823
m2sl_value_change_1m,target_gold_return_next_1m,5636,0.007621,0.02159,0.007621,0.02159
iau_return_3m,target_gold_max_drawdown_next_3m,5347,0.015582,0.021584,0.015582,0.021584
dfii10_value_change_3m,target_good_entry_3m,5552,0.001687,-0.020909,0.001687,0.020909
cpiaucsl_value_change_1m,target_gold_max_drawdown_next_3m,5656,-0.034757,0.020254,0.034757,0.020254
payems_value_change_1m,target_bad_entry_3m,5656,0.013843,0.017843,0.013843,0.017843
copper_futures_return_1m,target_bad_entry_3m,5656,0.012957,-0.017753,0.012957,0.017753
gld_return_1m,target_gold_max_drawdown_next_3m,5435,-0.051715,-0.017418,0.051715,0.017418
vix_return_3m,target_gold_max_drawdown_next_3m,5614,-0.020488,-0.017141,0.020488,0.017141
copper_futures_return_1m,target_good_entry_3m,5594,-0.055776,-0.016858,0.055776,0.016858
vix_return_1m,target_bad_entry_3m,5656,0.034445,0.016577,0.034445,0.016577
central_bank_gold_reserves_top15_tonnes,target_gold_return_next_1m,5657,0.010715,-0.016553,0.010715,0.016553
iau_return_1m,target_gold_max_drawdown_next_3m,5389,-0.050388,-0.016448,0.050388,0.016448
m2sl_value_change_3m,target_gold_return_next_1m,5594,0.03199,-0.016356,0.03199,0.016356
copper_futures_return_3m,target_bad_entry_3m,5614,0.014041,-0.015983,0.014041,0.015983
m2sl_value_change_1m,target_bad_entry_3m,5656,0.011244,0.015981,0.011244,0.015981
pcepi_value_change_1m,target_gold_return_next_1m,5636,-0.035758,0.015834,0.035758,0.015834
dfii10_value_change_3m,target_gold_max_drawdown_next_3m,5614,-0.0491,-0.015802,0.0491,0.015802
gld_return_1m,target_good_entry_3m,5373,0.000622,0.015798,0.000622,0.015798
dfii10_value_change_1m,target_bad_entry_3m,5656,0.027796,0.015631,0.027796,0.015631
dxy_return_1m,target_good_entry_3m,5594,-0.015681,-0.01559,0.015681,0.01559
central_bank_gold_reserves_top15_tonnes_change_1m,target_bad_entry_3m,5656,0.068098,-0.014979,0.068098,0.014979
gld_return_3m,target_gold_return_next_1m,5373,-0.010344,0.014893,0.010344,0.014893
vix_close_change_3m,target_gold_max_drawdown_next_3m,5614,-0.048163,-0.014641,0.048163,0.014641
pcepi_value_change_1m,target_gold_return_next_3m,5594,-0.101902,-0.014385,0.101902,0.014385
central_bank_gold_reserves_top15_tonnes_change_1m,target_good_entry_3m,5594,-0.028245,-0.014348,0.028245,0.014348
silver_futures_return_1m,target_bad_entry_3m,5656,0.01986,0.014334,0.01986,0.014334
pcepi_value_change_1m,target_gold_max_drawdown_next_3m,5656,-0.024653,0.014265,0.024653,0.014265
dxy_close_change_1m,target_gold_return_next_1m,5636,0.009532,-0.014,0.009532,0.014
pcepi_value,target_good_entry_3m,5615,0.061875,0.013872,0.061875,0.013872
iau_return_1m,target_bad_entry_3m,5389,0.01371,-0.013689,0.01371,0.013689
m2sl_value_change_1m,target_good_entry_3m,5594,0.057987,0.013314,0.057987,0.013314
m2sl_value,target_gold_return_next_1m,5657,0.006861,-0.013171,0.006861,0.013171
dxy_close_change_1m,target_good_entry_3m,5594,-0.009528,-0.012697,0.009528,0.012697
pcepi_value_change_1m,target_bad_entry_3m,5656,0.034099,0.012653,0.034099,0.012653
pcepi_value_change_1m,target_good_entry_3m,5594,-0.038197,0.012385,0.038197,0.012385
dxy_return_1m,target_gold_return_next_1m,5636,0.017521,-0.012313,0.017521,0.012313
cpiaucsl_value,target_gold_return_next_1m,5657,0.022076,-0.012207,0.022076,0.012207
cpiaucsl_value,target_good_entry_3m,5615,0.064018,0.01208,0.064018,0.01208
vix_close_change_1m,target_bad_entry_3m,5656,0.039476,0.011757,0.039476,0.011757
iau_return_3m,target_gold_return_next_1m,5327,-0.012367,0.01175,0.012367,0.01175
dxy_close_change_3m,target_gold_return_next_3m,5552,0.028227,0.011164,0.028227,0.011164
vix_return_3m,target_bad_entry_3m,5614,0.011091,0.011088,0.011091,0.011088
gld_return_1m,target_bad_entry_3m,5435,0.015957,-0.010964,0.015957,0.010964
copper_futures_return_3m,target_good_entry_3m,5552,-0.037688,0.010748,0.037688,0.010748
cpiaucsl_value_change_1m,target_good_entry_3m,5594,-0.074642,-0.010657,0.074642,0.010657
gdpc1_value,target_gold_return_next_1m,5657,0.020483,-0.010389,0.020483,0.010389
m2sl_value,target_good_entry_3m,5615,0.027617,0.010322,0.027617,0.010322
dxy_close_change_1m,target_bad_entry_3m,5656,0.012394,0.010286,0.012394,0.010286
pcepi_value,target_gold_return_next_1m,5657,0.020881,-0.010063,0.020881,0.010063
dxy_return_1m,target_bad_entry_3m,5656,0.012509,0.010027,0.012509,0.010027
iau_return_1m,target_good_entry_3m,5327,-0.004368,0.009773,0.004368,0.009773
gdpc1_value,target_good_entry_3m,5615,0.047527,0.009393,0.047527,0.009393
vix_percentile_1y,target_gold_return_next_1m,5406,-0.002958,0.009171,0.002958,0.009171
silver_futures_return_1m,target_good_entry_3m,5594,-0.019305,-0.008442,0.019305,0.008442
nasdaq_return_1m,target_good_entry_3m,5594,-0.032451,-0.008395,0.032451,0.008395
fedfunds_value_change_1m,target_gold_max_drawdown_next_3m,5656,0.050668,0.008369,0.050668,0.008369
gold_futures_return_3m,target_gold_max_drawdown_next_3m,5614,0.003829,0.008261,0.003829,0.008261
nasdaq_return_1m,target_gold_return_next_3m,5594,-0.056701,-0.008238,0.056701,0.008238
gold_futures_return_3m,target_gold_return_next_1m,5594,-0.016245,0.00764,0.016245,0.00764
dfii10_value_change_3m,target_gold_return_next_1m,5594,-0.0067,0.007428,0.0067,0.007428
cpiaucsl_value_change_1m,target_gold_return_next_1m,5636,-0.044894,0.00734,0.044894,0.00734
pcepi_value,target_gold_return_next_3m,5615,0.060515,0.00724,0.060515,0.00724
vix_close_change_3m,target_bad_entry_3m,5614,0.020032,0.007114,0.020032,0.007114
copper_futures_return_3m,target_gold_return_next_3m,5552,-0.06547,-0.007005,0.06547,0.007005
dfii10_value_change_1m,target_gold_return_next_3m,5594,-0.003768,0.006695,0.003768,0.006695
copper_futures_return_3m,target_gold_return_next_1m,5594,-0.055849,-0.006502,0.055849,0.006502
sp500_return_1m,target_gold_return_next_3m,5594,-0.044047,0.006466,0.044047,0.006466
rrpontsyd_value,target_gold_return_next_3m,5614,-0.042621,0.006175,0.042621,0.006175
dxy_close_change_1m,target_gold_return_next_3m,5594,0.020984,0.006003,0.020984,0.006003
dxy_return_3m,target_gold_return_next_3m,5552,0.027638,0.005791,0.027638,0.005791
fedfunds_value_change_3m,target_gold_max_drawdown_next_3m,5614,0.062425,-0.005777,0.062425,0.005777
payems_value,target_gold_return_next_1m,5657,0.031052,0.005745,0.031052,0.005745
rrpontsyd_value,target_gold_return_next_1m,5656,-0.029706,0.005645,0.029706,0.005645
t10y2y_value_change_1m,target_gold_max_drawdown_next_3m,5656,-0.044147,-0.005608,0.044147,0.005608
silver_futures_return_3m,target_gold_return_next_3m,5552,-0.029252,0.005455,0.029252,0.005455
gld_return_1m,target_gold_return_next_3m,5373,-0.017626,0.005403,0.017626,0.005403
vix_close_change_3m,target_gold_return_next_3m,5552,0.082402,-0.005402,0.082402,0.005402
vix_return_3m,target_gold_return_next_3m,5552,0.092318,-0.005348,0.092318,0.005348
gold_futures_return_1m,target_good_entry_3m,5594,-0.00759,0.005108,0.00759,0.005108
vix_percentile_1y,target_good_entry_3m,5364,-0.007855,-0.00503,0.007855,0.00503
gold_futures_return_1m,target_bad_entry_3m,5656,0.028923,0.004981,0.028923,0.004981
central_bank_gold_reserves_top15_tonnes_change_1m,target_gold_max_drawdown_next_3m,5656,-0.029024,0.004878,0.029024,0.004878
copper_futures_return_1m,target_gold_return_next_1m,5636,-0.04057,-0.004326,0.04057,0.004326
cpiaucsl_value,target_gold_return_next_3m,5615,0.063115,0.004127,0.063115,0.004127
dxy_return_1m,target_gold_return_next_3m,5594,0.018592,0.003822,0.018592,0.003822
gdpc1_value,target_gold_return_next_3m,5615,0.055464,0.003501,0.055464,0.003501
gold_futures_return_1m,target_gold_return_next_3m,5594,-0.023789,-0.003441,0.023789,0.003441
dxy_return_3m,target_gold_return_next_1m,5594,0.013433,0.0031,0.013433,0.0031
dxy_close_change_3m,target_good_entry_3m,5552,0.013245,0.003098,0.013245,0.003098
central_bank_gold_reserves_top15_tonnes,target_gold_return_next_3m,5615,0.039701,0.003094,0.039701,0.003094
dxy_close_change_3m,target_gold_return_next_1m,5594,0.016347,0.00299,0.016347,0.00299
iau_return_1m,target_gold_return_next_3m,5327,-0.019506,0.002972,0.019506,0.002972
t10y2y_value_change_3m,target_bad_entry_3m,5614,-0.009368,-0.002852,0.009368,0.002852
pcepi_value_change_3m,target_good_entry_3m,5552,-0.06975,-0.00279,0.06975,0.00279
days_to_next_fomc,target_gold_return_next_3m,5615,-0.025308,0.002403,0.025308,0.002403
central_bank_gold_reserves_top15_tonnes,target_good_entry_3m,5615,0.034228,0.002381,0.034228,0.002381
m2sl_value_change_1m,target_gold_return_next_3m,5594,0.060293,0.002315,0.060293,0.002315
sp500_return_1m,target_good_entry_3m,5594,-0.02569,-0.002262,0.02569,0.002262
dxy_return_3m,target_good_entry_3m,5552,0.009371,-0.001869,0.009371,0.001869
vix_percentile_1y,target_gold_return_next_3m,5364,0.037741,0.001732,0.037741,0.001732
pcepi_value_change_3m,target_gold_return_next_1m,5594,-0.073929,0.001292,0.073929,0.001292
dfii10_value_change_1m,target_good_entry_3m,5594,-0.000789,-0.001095,0.000789,0.001095
copper_futures_return_1m,target_gold_return_next_3m,5594,-0.064916,0.000893,0.064916,0.000893
m2sl_value_change_1m,target_gold_max_drawdown_next_3m,5656,0.00395,-0.000839,0.00395,0.000839
cpiaucsl_value_change_1m,target_bad_entry_3m,5656,0.038059,0.000725,0.038059,0.000725
m2sl_value,target_gold_return_next_3m,5615,0.028964,0.000583,0.028964,0.000583
